Title,URL,Material Type,Sub-level,Abstract,Language,COU Title,Primary User,Subject,Keyword,Provider,Author,Creation Date,Media Format,Copyright Holder,Version
OER Metadata Package,https://ubeccommon.github.io/resources/erdpuls/00-metadata-package/en/,,,,English,Creative Commons Attribution-ShareAlike 4.0 International,,,,Erdpuls OER Collection,Michel Garand,2026-07,Downloadable docs,Michel Garand,1.3
OER-Metadaten-Paket,https://ubeccommon.github.io/resources/erdpuls/00-metadata-package/de/,,,,German,Creative Commons Attribution-ShareAlike 4.0 International,,,,Erdpuls OER Collection,Michel Garand,2026-07,Downloadable docs,Michel Garand,1.3
Пакет метаданих ВОР,https://ubeccommon.github.io/resources/erdpuls/00-metadata-package/uk/,,,,Ukrainian,Creative Commons Attribution-ShareAlike 4.0 International,,,,Erdpuls OER Collection,Michel Garand,2026-07,,Michel Garand,1.3
Earth Detectives: First Encounters with Living Ground,https://ubeccommon.github.io/resources/erdpuls/01-learning-guide-grades-1-4/en/,,,,English,Creative Commons Attribution-ShareAlike 4.0 International,,,,Erdpuls OER Collection,Michel Garand,2026-02,Downloadable docs,Michel Garand,1.1
Erddetektive: Erste Begegnungen mit lebendigem Boden,https://ubeccommon.github.io/resources/erdpuls/01-learning-guide-grades-1-4/de/,,,,German,Creative Commons Attribution-ShareAlike 4.0 International,,,,Erdpuls OER Collection,Michel Garand,2026-02,Downloadable docs,Michel Garand,1.1
Земні детективи: перші зустрічі з живим ґрунтом,https://ubeccommon.github.io/resources/erdpuls/01-learning-guide-grades-1-4/uk/,,,,Ukrainian,Creative Commons Attribution-ShareAlike 4.0 International,,,,Erdpuls OER Collection,Michel Garand,2026-02,,Michel Garand,1.1
Field Investigators: Measuring the Living World,https://ubeccommon.github.io/resources/erdpuls/02-learning-guide-grades-5-8/en/,,,,English,Creative Commons Attribution-ShareAlike 4.0 International,,,,Erdpuls OER Collection,Michel Garand,2026-02,Downloadable docs,Michel Garand,1.1
Feldforscher: Die lebendige Welt messen,https://ubeccommon.github.io/resources/erdpuls/02-learning-guide-grades-5-8/de/,,,,German,Creative Commons Attribution-ShareAlike 4.0 International,,,,Erdpuls OER Collection,Michel Garand,2026-02,Downloadable docs,Michel Garand,1.1
Польові дослідники: вимірюємо живий світ,https://ubeccommon.github.io/resources/erdpuls/02-learning-guide-grades-5-8/uk/,,,,Ukrainian,Creative Commons Attribution-ShareAlike 4.0 International,,,,Erdpuls OER Collection,Michel Garand,2026-02,,Michel Garand,1.1
Place as Laboratory: Research Methods for the Living World,https://ubeccommon.github.io/resources/erdpuls/03-learning-guide-grades-9-12/en/,,,,English,Creative Commons Attribution-ShareAlike 4.0 International,,,,Erdpuls OER Collection,Michel Garand,2026-02,Downloadable docs,Michel Garand,1.1
Ort als Labor: Forschungsmethoden für die lebendige Welt,https://ubeccommon.github.io/resources/erdpuls/03-learning-guide-grades-9-12/de/,,,,German,Creative Commons Attribution-ShareAlike 4.0 International,,,,Erdpuls OER Collection,Michel Garand,2026-02,Downloadable docs,Michel Garand,1.1
Місце як лабораторія: методи дослідження живого світу,https://ubeccommon.github.io/resources/erdpuls/03-learning-guide-grades-9-12/uk/,,,,Ukrainian,Creative Commons Attribution-ShareAlike 4.0 International,,,,Erdpuls OER Collection,Michel Garand,2026-02,,Michel Garand,1.1
Bringing Your Class to the Living Laboratory,https://ubeccommon.github.io/resources/erdpuls/04-teachers-guide/en/,,,,English,Creative Commons Attribution-ShareAlike 4.0 International,,,,Erdpuls OER Collection,Michel Garand,2026-02,Downloadable docs,Michel Garand,1.1
Mit der Klasse ins Lebendige Labor,https://ubeccommon.github.io/resources/erdpuls/04-teachers-guide/de/,,,,German,Creative Commons Attribution-ShareAlike 4.0 International,,,,Erdpuls OER Collection,Michel Garand,2026-02,Downloadable docs,Michel Garand,1.1
Як привести ваш клас до Живої лабораторії,https://ubeccommon.github.io/resources/erdpuls/04-teachers-guide/uk/,,,,Ukrainian,Creative Commons Attribution-ShareAlike 4.0 International,,,,Erdpuls OER Collection,Michel Garand,2026-02,,Michel Garand,1.1
"How to Monitor, Contribute, and Connect",https://ubeccommon.github.io/resources/erdpuls/05-citizen-scientist-handbook/en/,,,,English,Creative Commons Attribution-ShareAlike 4.0 International,,,,Erdpuls OER Collection,Michel Garand,2026-02,Downloadable docs,Michel Garand,1.1
"Beobachten, Beitragen und Vernetzen",https://ubeccommon.github.io/resources/erdpuls/05-citizen-scientist-handbook/de/,,,,German,Creative Commons Attribution-ShareAlike 4.0 International,,,,Erdpuls OER Collection,Michel Garand,2026-02,Downloadable docs,Michel Garand,1.1
"Як спостерігати, робити внесок і долучатися",https://ubeccommon.github.io/resources/erdpuls/05-citizen-scientist-handbook/uk/,,,,Ukrainian,Creative Commons Attribution-ShareAlike 4.0 International,,,,Erdpuls OER Collection,Michel Garand,2026-02,,Michel Garand,1.1
Brücken bauen durch Boden – 13 Fragen an den Boden,https://ubeccommon.github.io/resources/erdpuls/13-fragen-abschnitt9-differenzierung/de/,,,,German,Creative Commons Attribution-NonCommercial-ShareAlike 4.0 International,,,,Erdpuls OER Collection,Michel Garand,2026-02,,Michel Garand,1.0
Brücken bauen durch Boden – 13 Questions to the Soil,https://ubeccommon.github.io/resources/erdpuls/13-questions-section9-differentiation/en/,,,,English,Creative Commons Attribution-NonCommercial-ShareAlike 4.0 International,,,,Erdpuls OER Collection,Michel Garand,2026-02,,Michel Garand,1.0
Resonance — A Case History,https://ubeccommon.github.io/resources/erdpuls/advocacy-case-history-resonance/en/,,,,English,Creative Commons Attribution-ShareAlike 4.0 International,,,,Erdpuls OER Collection,Michel Garand,2026-09,Downloadable docs,Michel Garand,0.4
Резонанс — історія випадку,https://ubeccommon.github.io/resources/erdpuls/advocacy-case-history-resonance/uk/,,,,Ukrainian,Creative Commons Attribution-ShareAlike 4.0 International,,,,Erdpuls OER Collection,Michel Garand,2026-09,Downloadable docs,Michel Garand,0.1
Advocacy — A Short Guide for Trimtabs,https://ubeccommon.github.io/resources/erdpuls/advocacy-guide-trimtabs/en/,,,,English,Creative Commons Attribution-ShareAlike 4.0 International,,,,Erdpuls OER Collection,Michel Garand,2026-09,Downloadable docs,Michel Garand,0.5
Адвокація — короткий путівник для тримерів,https://ubeccommon.github.io/resources/erdpuls/advocacy-guide-trimtabs/uk/,,,,Ukrainian,Creative Commons Attribution-ShareAlike 4.0 International,,,,Erdpuls OER Collection,Michel Garand,2026-09,Downloadable docs,Michel Garand,0.5
A Trimtab Method — Stated Generally,https://ubeccommon.github.io/resources/erdpuls/advocacy-method-trimtab/en/,,,,English,Creative Commons Attribution-ShareAlike 4.0 International,,,,Erdpuls OER Collection,Michel Garand,2026-09,Downloadable docs,Michel Garand,0.4
Метод тримера — загальний виклад,https://ubeccommon.github.io/resources/erdpuls/advocacy-method-trimtab/uk/,,,,Ukrainian,Creative Commons Attribution-ShareAlike 4.0 International,,,,Erdpuls OER Collection,Michel Garand,2026-09,Downloadable docs,Michel Garand,0.1
A Pattern Language of Advocacy,https://ubeccommon.github.io/resources/erdpuls/advocacy-pattern-language/en/,,,,English,Creative Commons Attribution-ShareAlike 4.0 International,,,,Erdpuls OER Collection,Michel Garand,2026-09,Downloadable docs,Michel Garand,0.1
Мова патернів адвокації,https://ubeccommon.github.io/resources/erdpuls/advocacy-pattern-language/uk/,,,,Ukrainian,Creative Commons Attribution-ShareAlike 4.0 International,,,,Erdpuls OER Collection,Michel Garand,2026-09,Downloadable docs,Michel Garand,0.2
"Advocacy — Methods, Record, and a Trimtab Alternative",https://ubeccommon.github.io/resources/erdpuls/advocacy-reference-methods-record/en/,,,,English,Creative Commons Attribution-ShareAlike 4.0 International,,,,Erdpuls OER Collection,Michel Garand,2026-09,Downloadable docs,Michel Garand,0.4
Questions to the Soil — Living Experience Guides: Introduction,https://ubeccommon.github.io/resources/erdpuls/appendix-a-questions-to-the-soil-00-introduction/en/,,,,English,Creative Commons Attribution-ShareAlike 4.0 International,,,,Erdpuls OER Collection,Michel Garand,2026-02,,Michel Garand,1.2
Fragen an den Boden — Praxisleitfäden für lebendige Erfahrungen: Einführung,https://ubeccommon.github.io/resources/erdpuls/appendix-a-questions-to-the-soil-00-introduction/de/,,,,German,Creative Commons Attribution-ShareAlike 4.0 International,,,,Erdpuls OER Collection,Michel Garand,2026-02,,Michel Garand,1.2
Questions to the Soil,https://ubeccommon.github.io/resources/erdpuls/appendix-a-questions-to-the-soil-fm1-cover/en/,,,,English,Creative Commons Attribution-ShareAlike 4.0 International,,,,Erdpuls OER Collection,Michel Garand,2026,,Michel Garand,1.2
Fragen an den Boden,https://ubeccommon.github.io/resources/erdpuls/appendix-a-questions-to-the-soil-fm1-cover/de/,,,,German,Creative Commons Attribution-ShareAlike 4.0 International,,,,Erdpuls OER Collection,Michel Garand,2026,,Michel Garand,1.2
Preface,https://ubeccommon.github.io/resources/erdpuls/appendix-a-questions-to-the-soil-fm2-preface/en/,,,,English,Creative Commons Attribution-ShareAlike 4.0 International,,,,Erdpuls OER Collection,Michel Garand,2026-02,,Michel Garand,1.2
Vorwort,https://ubeccommon.github.io/resources/erdpuls/appendix-a-questions-to-the-soil-fm2-preface/de/,,,,German,Creative Commons Attribution-ShareAlike 4.0 International,,,,Erdpuls OER Collection,Michel Garand,2026-02,,Michel Garand,1.2
Contents and Series Overview,https://ubeccommon.github.io/resources/erdpuls/appendix-a-questions-to-the-soil-fm3-contents/en/,,,,English,Creative Commons Attribution-ShareAlike 4.0 International,,,,Erdpuls OER Collection,Michel Garand,2026-02,,Michel Garand,1.2
Inhaltsübersicht,https://ubeccommon.github.io/resources/erdpuls/appendix-a-questions-to-the-soil-fm3-contents/de/,,,,German,Creative Commons Attribution-ShareAlike 4.0 International,,,,Erdpuls OER Collection,Michel Garand,2026-02,,Michel Garand,1.2
Questions to the Soil — Guide 1: Erdreich-Entdecker,https://ubeccommon.github.io/resources/erdpuls/appendix-a-questions-to-the-soil-guide-01-children/en/,,,,English,Creative Commons Attribution-ShareAlike 4.0 International,,,,Erdpuls OER Collection,Michel Garand,2026-02,,Michel Garand,1.2
Fragen an den Boden — Leitfaden 1: Erdreich-Entdecker,https://ubeccommon.github.io/resources/erdpuls/appendix-a-questions-to-the-soil-guide-01-children/de/,,,,German,Creative Commons Attribution-ShareAlike 4.0 International,,,,Erdpuls OER Collection,Michel Garand,2026-02,,Michel Garand,1.2
Questions to the Soil — Guide 2: Boden-Begegnung,https://ubeccommon.github.io/resources/erdpuls/appendix-a-questions-to-the-soil-guide-02-adults/en/,,,,English,Creative Commons Attribution-ShareAlike 4.0 International,,,,Erdpuls OER Collection,Michel Garand,2026-02,,Michel Garand,1.2
Fragen an den Boden — Leitfaden 2: Boden-Begegnung,https://ubeccommon.github.io/resources/erdpuls/appendix-a-questions-to-the-soil-guide-02-adults/de/,,,,German,Creative Commons Attribution-ShareAlike 4.0 International,,,,Erdpuls OER Collection,Michel Garand,2026-02,,Michel Garand,1.2
Questions to the Soil — Guide 3: Boden-Gedächtnis,https://ubeccommon.github.io/resources/erdpuls/appendix-a-questions-to-the-soil-guide-03-elders/en/,,,,English,Creative Commons Attribution-ShareAlike 4.0 International,,,,Erdpuls OER Collection,Michel Garand,2026-02,,Michel Garand,1.2
Fragen an den Boden — Leitfaden 3: Boden-Gedächtnis,https://ubeccommon.github.io/resources/erdpuls/appendix-a-questions-to-the-soil-guide-03-elders/de/,,,,German,Creative Commons Attribution-ShareAlike 4.0 International,,,,Erdpuls OER Collection,Michel Garand,2026-02,,Michel Garand,1.2
Questions to the Soil — Guide 4: Boden-Tiefe,https://ubeccommon.github.io/resources/erdpuls/appendix-a-questions-to-the-soil-guide-04-artists/en/,,,,English,Creative Commons Attribution-ShareAlike 4.0 International,,,,Erdpuls OER Collection,Michel Garand,2026-02,,Michel Garand,1.2
Fragen an den Boden — Leitfaden 4: Boden-Tiefe,https://ubeccommon.github.io/resources/erdpuls/appendix-a-questions-to-the-soil-guide-04-artists/de/,,,,German,Creative Commons Attribution-ShareAlike 4.0 International,,,,Erdpuls OER Collection,Michel Garand,2026-02,,Michel Garand,1.2
Questions to the Soil — Guide 5: Boden-Brücke,https://ubeccommon.github.io/resources/erdpuls/appendix-a-questions-to-the-soil-guide-05-crossborder/en/,,,,English,Creative Commons Attribution-ShareAlike 4.0 International,,,,Erdpuls OER Collection,Michel Garand,2026-02,,Michel Garand,1.2
Fragen an den Boden — Leitfaden 5: Boden-Brücke,https://ubeccommon.github.io/resources/erdpuls/appendix-a-questions-to-the-soil-guide-05-crossborder/de/,,,,German,Creative Commons Attribution-ShareAlike 4.0 International,,,,Erdpuls OER Collection,Michel Garand,2026-02,,Michel Garand,1.2
BIKOBO – Bildungskonzept Bodengesundheit,https://ubeccommon.github.io/resources/erdpuls/bikobo-abschnitt9-differenzierung/de/,,,,German,Creative Commons Attribution-NonCommercial-ShareAlike 4.0 International,,,,Erdpuls OER Collection,Michel Garand,2026-02,,Michel Garand,1.0
BIKOBO – Soil Health Education Concept,https://ubeccommon.github.io/resources/erdpuls/bikobo-section9-differentiation/en/,,,,English,Creative Commons Attribution-NonCommercial-ShareAlike 4.0 International,,,,Erdpuls OER Collection,Michel Garand,2026-02,,Michel Garand,1.0
Bioregion Mapping — Living Experience Guides,https://ubeccommon.github.io/resources/erdpuls/bioregion-mapping-living-guides/en/,,,,English,Creative Commons Attribution-ShareAlike 4.0 International,,,,Erdpuls OER Collection,Michel Garand,2026-02,Downloadable docs,Michel Garand,1.2
Bioregion-Kartierung — Praxisleitfäden für lebendige Erfahrung,https://ubeccommon.github.io/resources/erdpuls/bioregion-mapping-living-guides/de/,,,,German,Creative Commons Attribution-ShareAlike 4.0 International,,,,Erdpuls OER Collection,Michel Garand,2026-02,Downloadable docs,Michel Garand,1.2
Картографування біорегіону — Посібники живого досвіду,https://ubeccommon.github.io/resources/erdpuls/bioregion-mapping-living-guides/uk/,,,,Ukrainian,Creative Commons Attribution-ShareAlike 4.0 International,,,,Erdpuls OER Collection,Michel Garand,2026-02,,Michel Garand,1.2
BNE Quality Framework — Living Experience Guides,https://ubeccommon.github.io/resources/erdpuls/bne-quality-living-guides/en/,,,,English,Creative Commons Attribution-ShareAlike 4.0 International,,,,Erdpuls OER Collection,Michel Garand,2026-02,Downloadable docs,Michel Garand,1.2
BNE-Qualitätsrahmen — Erfahrungsorientierte Leitfäden,https://ubeccommon.github.io/resources/erdpuls/bne-quality-living-guides/de/,,,,German,Creative Commons Attribution-ShareAlike 4.0 International,,,,Erdpuls OER Collection,Michel Garand,2026-02,Downloadable docs,Michel Garand,1.2
Рамка якості BNE — Посібники живого досвіду,https://ubeccommon.github.io/resources/erdpuls/bne-quality-living-guides/uk/,,,,Ukrainian,Creative Commons Attribution-ShareAlike 4.0 International,,,,Erdpuls OER Collection,Michel Garand,2026-02,,Michel Garand,1.2
Bodenfarbe als Physik — Erdpigmente aus Müllroser Böden,https://ubeccommon.github.io/resources/erdpuls/erdpigmente-physikunterricht/de/,,,,German,Creative Commons Attribution-NonCommercial-ShareAlike 4.0 International,,,,Erdpuls OER Collection,Michel Garand,2026-02,,Michel Garand,1.1
Erdpuls — Learning Pathway System,https://ubeccommon.github.io/resources/erdpuls/erdpuls-learning-pathway-system/en/,,,,English,Creative Commons Attribution-ShareAlike 4.0 International,,,,Erdpuls OER Collection,Michel Garand,2026-02,Downloadable docs,Michel Garand,1.1
Erdpuls — Lernpfadsystem,https://ubeccommon.github.io/resources/erdpuls/erdpuls-learning-pathway-system/de/,,,,German,Creative Commons Attribution-ShareAlike 4.0 International,,,,Erdpuls OER Collection,Michel Garand,2026-02,Downloadable docs,Michel Garand,1.1
Erdpuls — Система навчальних траєкторій,https://ubeccommon.github.io/resources/erdpuls/erdpuls-learning-pathway-system/uk/,,,,Ukrainian,Creative Commons Attribution-ShareAlike 4.0 International,,,,Erdpuls OER Collection,Michel Garand,2026-02,Downloadable docs,Michel Garand,1.1
Erdpuls — System Ścieżek Edukacyjnych,https://ubeccommon.github.io/resources/erdpuls/erdpuls-learning-pathway-system/pl/,,,,Polish,Creative Commons Attribution-ShareAlike 4.0 International,,,,Erdpuls OER Collection,Michel Garand,2026-02,Downloadable docs,Michel Garand,1.1
Erdpuls — Master Document Index,https://ubeccommon.github.io/resources/erdpuls/erdpuls-master-index/en/,,,,English,Creative Commons Attribution-ShareAlike 4.0 International,,,,Erdpuls OER Collection,Michel Garand,2026-02,Downloadable docs,Michel Garand,1.4
Erdpuls — Dokument-Gesamtindex,https://ubeccommon.github.io/resources/erdpuls/erdpuls-master-index/de/,,,,German,Creative Commons Attribution-ShareAlike 4.0 International,,,,Erdpuls OER Collection,Michel Garand,2026-02,Downloadable docs,Michel Garand,1.4
Erdpuls — Головний покажчик документів,https://ubeccommon.github.io/resources/erdpuls/erdpuls-master-index/uk/,,,,Ukrainian,Creative Commons Attribution-ShareAlike 4.0 International,,,,Erdpuls OER Collection,Michel Garand,2026-02,,Michel Garand,1.4
Facilitator's Implementation Handbook,https://ubeccommon.github.io/resources/erdpuls/facilitator-implementation-handbook/en/,,,,English,Creative Commons Attribution-ShareAlike 4.0 International,,,,Erdpuls OER Collection,Michel Garand,2026-02,Downloadable docs,Michel Garand,1.2
Moderations-Implementierungshandbuch,https://ubeccommon.github.io/resources/erdpuls/facilitator-implementation-handbook/de/,,,,German,Creative Commons Attribution-ShareAlike 4.0 International,,,,Erdpuls OER Collection,Michel Garand,2026-02,Downloadable docs,Michel Garand,1.2
Посібник із впровадження для фасилітатора,https://ubeccommon.github.io/resources/erdpuls/facilitator-implementation-handbook/uk/,,,,Ukrainian,Creative Commons Attribution-ShareAlike 4.0 International,,,,Erdpuls OER Collection,Michel Garand,2026-02,,Michel Garand,1.2
Pattern Discovery Toolkit,https://ubeccommon.github.io/resources/erdpuls/pattern-discovery-toolkit/en/,,,,English,Creative Commons Attribution-ShareAlike 4.0 International,,,,Erdpuls OER Collection,Michel Garand,2026-02,Downloadable docs,Michel Garand,1.3
Mustersprachen-Werkzeugkasten,https://ubeccommon.github.io/resources/erdpuls/pattern-discovery-toolkit/de/,,,,German,Creative Commons Attribution-ShareAlike 4.0 International,,,,Erdpuls OER Collection,Michel Garand,2026-02,Downloadable docs,Michel Garand,1.3
Набір інструментів виявлення патернів,https://ubeccommon.github.io/resources/erdpuls/pattern-discovery-toolkit/uk/,,,,Ukrainian,Creative Commons Attribution-ShareAlike 4.0 International,,,,Erdpuls OER Collection,Michel Garand,2026-02,,Michel Garand,1.3
Pattern Discovery Toolkit — Appendices A-D,https://ubeccommon.github.io/resources/erdpuls/pattern-discovery-toolkit-appendices/en/,,,,English,Creative Commons Attribution-ShareAlike 4.0 International,,,,Erdpuls OER Collection,Michel Garand,2026-02,Downloadable docs,Michel Garand,1.1
Pattern Discovery Toolkit — Anhänge A–D,https://ubeccommon.github.io/resources/erdpuls/pattern-discovery-toolkit-appendices/de/,,,,German,Creative Commons Attribution-ShareAlike 4.0 International,,,,Erdpuls OER Collection,Michel Garand,2026-02,Downloadable docs,Michel Garand,1.2
Набір інструментів виявлення патернів — Додатки A–D,https://ubeccommon.github.io/resources/erdpuls/pattern-discovery-toolkit-appendices/uk/,,,,Ukrainian,Creative Commons Attribution-ShareAlike 4.0 International,,,,Erdpuls OER Collection,Michel Garand,2026-02,,Michel Garand,1.2
Pattern Language Assembly Guide,https://ubeccommon.github.io/resources/erdpuls/pattern-language-assembly-guide/en/,,,,English,Creative Commons Attribution-ShareAlike 4.0 International,,,,Erdpuls OER Collection,Michel Garand,2026-02,Downloadable docs,Michel Garand,1.2
Mustersprache-Zusammenführungsleitfaden,https://ubeccommon.github.io/resources/erdpuls/pattern-language-assembly-guide/de/,,,,German,Creative Commons Attribution-ShareAlike 4.0 International,,,,Erdpuls OER Collection,Michel Garand,2026-02,Downloadable docs,Michel Garand,1.2
Посібник зі складання Мови патернів,https://ubeccommon.github.io/resources/erdpuls/pattern-language-assembly-guide/uk/,,,,Ukrainian,Creative Commons Attribution-ShareAlike 4.0 International,,,,Erdpuls OER Collection,Michel Garand,2026-02,,Michel Garand,1.2
Proxemic Integration,https://ubeccommon.github.io/resources/erdpuls/proxemic-integration/en/,,,,English,Creative Commons Attribution-ShareAlike 4.0 International,,,,Erdpuls OER Collection,Michel Garand,2026-02,Downloadable docs,Michel Garand,1.2
Proxemische Integration,https://ubeccommon.github.io/resources/erdpuls/proxemic-integration/de/,,,,German,Creative Commons Attribution-ShareAlike 4.0 International,,,,Erdpuls OER Collection,Michel Garand,2026-02,Downloadable docs,Michel Garand,1.2
Проксемічна інтеграція,https://ubeccommon.github.io/resources/erdpuls/proxemic-integration/uk/,,,,Ukrainian,Creative Commons Attribution-ShareAlike 4.0 International,,,,Erdpuls OER Collection,Michel Garand,2026-02,,Michel Garand,1.2
Questions to the Soil — Living Experience Guides,https://ubeccommon.github.io/resources/erdpuls/questions-to-the-soil-living-guides/en/,,,,English,Creative Commons Attribution-ShareAlike 4.0 International,,,,Erdpuls OER Collection,Michel Garand,2026-02,Downloadable docs,Michel Garand,1.2
Запитання до ґрунту — Посібники живого досвіду,https://ubeccommon.github.io/resources/erdpuls/questions-to-the-soil-living-guides/uk/,,,,Ukrainian,Creative Commons Attribution-ShareAlike 4.0 International,,,,Erdpuls OER Collection,Michel Garand,2026-02,,Michel Garand,1.2
Soil Colour as Physics — Pedagogical Framework,https://ubeccommon.github.io/resources/erdpuls/soilpigments-physics-framework/en/,,,,English,Creative Commons Attribution-NonCommercial-ShareAlike 4.0 International,,,,Erdpuls OER Collection,Michel Garand,2026-02,,Michel Garand,1.0
Bodenfarbe als Physik — Pädagogisches Rahmenkonzept,https://ubeccommon.github.io/resources/erdpuls/soilpigments-physics-framework/de/,,,,German,Creative Commons Attribution-NonCommercial-ShareAlike 4.0 International,,,,Erdpuls OER Collection,Michel Garand,2026-02,,Michel Garand,1.0
Soil Colour as Physics — Detailed Lesson Plan: Classes 1–4,https://ubeccommon.github.io/resources/erdpuls/soilpigments-physics-plan-classes-1-4/en/,,,,English,Creative Commons Attribution-NonCommercial-ShareAlike 4.0 International,,,,Erdpuls OER Collection,Michel Garand,2026-02,,Michel Garand,1.0
Bodenfarbe als Physik — Detaillierter Unterrichtsplan: Klassen 1–4,https://ubeccommon.github.io/resources/erdpuls/soilpigments-physics-plan-classes-1-4/de/,,,,German,Creative Commons Attribution-NonCommercial-ShareAlike 4.0 International,,,,Erdpuls OER Collection,Michel Garand,2026-02,,Michel Garand,1.0
Soil Colour as Physics — Detailed Lesson Plan: Classes 5–8,https://ubeccommon.github.io/resources/erdpuls/soilpigments-physics-plan-classes-5-8/en/,,,,English,Creative Commons Attribution-NonCommercial-ShareAlike 4.0 International,,,,Erdpuls OER Collection,Michel Garand,2026-02,,Michel Garand,1.0
Bodenfarbe als Physik — Detaillierter Unterrichtsplan: Klassen 5–8,https://ubeccommon.github.io/resources/erdpuls/soilpigments-physics-plan-classes-5-8/de/,,,,German,Creative Commons Attribution-NonCommercial-ShareAlike 4.0 International,,,,Erdpuls OER Collection,Michel Garand,2026-02,,Michel Garand,1.0
Soil Colour as Physics — Detailed Lesson Plan: Classes 9–12,https://ubeccommon.github.io/resources/erdpuls/soilpigments-physics-plan-classes-9-12/en/,,,,English,Creative Commons Attribution-NonCommercial-ShareAlike 4.0 International,,,,Erdpuls OER Collection,Michel Garand,2026-02,,Michel Garand,1.0
Bodenfarbe als Physik — Detaillierter Unterrichtsplan: Klassen 9–12,https://ubeccommon.github.io/resources/erdpuls/soilpigments-physics-plan-classes-9-12/de/,,,,German,Creative Commons Attribution-NonCommercial-ShareAlike 4.0 International,,,,Erdpuls OER Collection,Michel Garand,2026-02,,Michel Garand,1.0
Soil Colour as Physics — Teacher's Guide,https://ubeccommon.github.io/resources/erdpuls/soilpigments-physics-teachers-guide/en/,,,,English,Creative Commons Attribution-NonCommercial-ShareAlike 4.0 International,,,,Erdpuls OER Collection,Michel Garand,2026-02,,Michel Garand,1.0
Bodenfarbe als Physik — Leitfaden für Lehrende,https://ubeccommon.github.io/resources/erdpuls/soilpigments-physics-teachers-guide/de/,,,,German,Creative Commons Attribution-NonCommercial-ShareAlike 4.0 International,,,,Erdpuls OER Collection,Michel Garand,2026-02,,Michel Garand,1.0
Soil Colour as Physics — Earth Pigments from the Soils of Müllrose,https://ubeccommon.github.io/resources/erdpuls/soilpigments-physicsconcept/en/,,,,English,Creative Commons Attribution-NonCommercial-ShareAlike 4.0 International,,,,Erdpuls OER Collection,Michel Garand,2026-02,,Michel Garand,1.1
Reciprocal Token Economy — Living Experience Guides,https://ubeccommon.github.io/resources/erdpuls/token-economy-living-guides/en/,,,,English,Creative Commons Attribution-ShareAlike 4.0 International,,,,Erdpuls OER Collection,Michel Garand,2026-02,Downloadable docs,Michel Garand,1.2
Reziproke Token-Ökonomie — Lebendige Erfahrungsleitfäden,https://ubeccommon.github.io/resources/erdpuls/token-economy-living-guides/de/,,,,German,Creative Commons Attribution-ShareAlike 4.0 International,,,,Erdpuls OER Collection,Michel Garand,2026-02,Downloadable docs,Michel Garand,1.2
Економіка взаємності на токенах — Посібники живого досвіду,https://ubeccommon.github.io/resources/erdpuls/token-economy-living-guides/uk/,,,,Ukrainian,Creative Commons Attribution-ShareAlike 4.0 International,,,,Erdpuls OER Collection,Michel Garand,2026-02,,Michel Garand,1.2
The Forest in the World's Wisdom,https://ubeccommon.github.io/resources/carpathian/comparative-spiritual-systems-forest-school/en/,,,,English,Creative Commons Attribution-ShareAlike 4.0 International,,,,Carpathian OER Commons,Michel Garand,2026-09-27,Downloadable docs,Michel Garand,0.7
Der Wald in der Weisheit der Welt,https://ubeccommon.github.io/resources/carpathian/comparative-spiritual-systems-forest-school/de/,,,,German,Creative Commons Attribution-ShareAlike 4.0 International,,,,Carpathian OER Commons,Michel Garand,2026-09-28,Downloadable docs,Michel Garand,0.7
Ліс у мудрості світу,https://ubeccommon.github.io/resources/carpathian/comparative-spiritual-systems-forest-school/uk/,,,,Ukrainian,Creative Commons Attribution-ShareAlike 4.0 International,,,,Carpathian OER Commons,Michel Garand,2026-09-28,Downloadable docs,Michel Garand,0.7
Carpathian OER Commons — Compendium,https://ubeccommon.github.io/resources/carpathian/compendium-carpathian-oer-commons/en/,,,,English,Creative Commons Attribution-ShareAlike 4.0 International,,,,Carpathian OER Commons,Michel Garand,2026-10-03,Downloadable docs,Michel Garand,0.10
The Eco-Spiritual Philosophy of the Living Forest,https://ubeccommon.github.io/resources/carpathian/concept-living-forest-philosophy/en/,,,,English,Creative Commons Attribution-ShareAlike 4.0 International,,,,Carpathian OER Commons,Michel Garand with the host household,2026-09-27,Downloadable docs,Michel Garand with the host household,0.9
Die öko-spirituelle Philosophie des lebendigen Waldes,https://ubeccommon.github.io/resources/carpathian/concept-living-forest-philosophy/de/,,,,German,Creative Commons Attribution-ShareAlike 4.0 International,,,,Carpathian OER Commons,Michel Garand with the host household,2026-09-28,Downloadable docs,Michel Garand with the host household,0.9
Еко-духовна філософія живого лісу,https://ubeccommon.github.io/resources/carpathian/concept-living-forest-philosophy/uk/,,,,Ukrainian,Creative Commons Attribution-ShareAlike 4.0 International,,,,Carpathian OER Commons,Michel Garand with the host household,2026-09-28,Downloadable docs,Michel Garand with the host household,0.9
The Open Hamlet,https://ubeccommon.github.io/resources/carpathian/concept-open-hamlet/en/,,,,English,Creative Commons Attribution-ShareAlike 4.0 International,,,,Carpathian OER Commons,Michel Garand,2026-09-27,Downloadable docs,Michel Garand,0.1
Der offene Weiler,https://ubeccommon.github.io/resources/carpathian/concept-open-hamlet/de/,,,,German,Creative Commons Attribution-ShareAlike 4.0 International,,,,Carpathian OER Commons,Michel Garand,2026-09-28,Downloadable docs,Michel Garand,0.1
Відкритий присілок,https://ubeccommon.github.io/resources/carpathian/concept-open-hamlet/uk/,,,,Ukrainian,Creative Commons Attribution-ShareAlike 4.0 International,,,,Carpathian OER Commons,Michel Garand,2026-09-28,Downloadable docs,Michel Garand,0.1
Carpathian OER Commons — Foundations,https://ubeccommon.github.io/resources/carpathian/foundations-carpathian-oer-commons/en/,,,,English,Creative Commons Attribution-ShareAlike 4.0 International,,,,Carpathian OER Commons,Michel Garand,2026-09-27,Downloadable docs,Michel Garand,0.3
Carpathian OER Commons — Grundlagen,https://ubeccommon.github.io/resources/carpathian/foundations-carpathian-oer-commons/de/,,,,German,Creative Commons Attribution-ShareAlike 4.0 International,,,,Carpathian OER Commons,Michel Garand,2026-09-28,Downloadable docs,Michel Garand,0.3
Carpathian OER Commons — Основи,https://ubeccommon.github.io/resources/carpathian/foundations-carpathian-oer-commons/uk/,,,,Ukrainian,Creative Commons Attribution-ShareAlike 4.0 International,,,,Carpathian OER Commons,Michel Garand,2026-09-28,Downloadable docs,Michel Garand,0.3
"Biochar: Kiln, Quality, Storage",https://ubeccommon.github.io/resources/carpathian/module-land-biochar/en/,,,,English,Creative Commons Attribution-ShareAlike 4.0 International,,,,Carpathian OER Commons,Michel Garand,2026-09-29,Downloadable docs,Michel Garand,0.2
"Pflanzenkohle: Ofen, Qualität, Lagerung",https://ubeccommon.github.io/resources/carpathian/module-land-biochar/de/,,,,German,Creative Commons Attribution-ShareAlike 4.0 International,,,,Carpathian OER Commons,Michel Garand,2026-09-29,Downloadable docs,Michel Garand,0.2
"Біовугілля: піч, якість, зберігання",https://ubeccommon.github.io/resources/carpathian/module-land-biochar/uk/,,,,Ukrainian,Creative Commons Attribution-ShareAlike 4.0 International,,,,Carpathian OER Commons,Michel Garand,2026-09-29,Downloadable docs,Michel Garand,0.2
Compost: The Garden Stream to the Beds,https://ubeccommon.github.io/resources/carpathian/module-land-compost/en/,,,,English,Creative Commons Attribution-ShareAlike 4.0 International,,,,Carpathian OER Commons,Michel Garand,2026-09-29,Downloadable docs,Michel Garand,0.2
Kompost: Der Gartenstrom zu den Beeten,https://ubeccommon.github.io/resources/carpathian/module-land-compost/de/,,,,German,Creative Commons Attribution-ShareAlike 4.0 International,,,,Carpathian OER Commons,Michel Garand,2026-09-29,Downloadable docs,Michel Garand,0.2
Компост: потік городу до грядок,https://ubeccommon.github.io/resources/carpathian/module-land-compost/uk/,,,,Ukrainian,Creative Commons Attribution-ShareAlike 4.0 International,,,,Carpathian OER Commons,Michel Garand,2026-09-29,Downloadable docs,Michel Garand,0.2
"Market Garden: Beds, Rotation, the Season",https://ubeccommon.github.io/resources/carpathian/module-land-market-garden/en/,,,,English,Creative Commons Attribution-ShareAlike 4.0 International,,,,Carpathian OER Commons,Michel Garand,2026-09-29,Downloadable docs,Michel Garand,0.5
"Marktgarten: Beete, Fruchtfolge, die Saison",https://ubeccommon.github.io/resources/carpathian/module-land-market-garden/de/,,,,German,Creative Commons Attribution-ShareAlike 4.0 International,,,,Carpathian OER Commons,Michel Garand,2026-09-29,Downloadable docs,Michel Garand,0.5
"Market garden — овочевий город: грядки, сівозміна, сезон",https://ubeccommon.github.io/resources/carpathian/module-land-market-garden/uk/,,,,Ukrainian,Creative Commons Attribution-ShareAlike 4.0 International,,,,Carpathian OER Commons,Michel Garand,2026-09-29,Downloadable docs,Michel Garand,0.5
Terra Preta: Fermentation to Soil,https://ubeccommon.github.io/resources/carpathian/module-land-terra-preta/en/,,,,English,Creative Commons Attribution-ShareAlike 4.0 International,,,,Carpathian OER Commons,Michel Garand,2026-10-02,Downloadable docs,Michel Garand,0.3
Terra Preta: Von der Fermentation zum Boden,https://ubeccommon.github.io/resources/carpathian/module-land-terra-preta/de/,,,,German,Creative Commons Attribution-ShareAlike 4.0 International,,,,Carpathian OER Commons,Michel Garand,2026-10-02,Downloadable docs,Michel Garand,0.3
Терра прета: від ферментації до ґрунту,https://ubeccommon.github.io/resources/carpathian/module-land-terra-preta/uk/,,,,Ukrainian,Creative Commons Attribution-ShareAlike 4.0 International,,,,Carpathian OER Commons,Michel Garand,2026-10-02,Downloadable docs,Michel Garand,0.3
"Energy: PV, Storage, Generator",https://ubeccommon.github.io/resources/carpathian/module-utilities-energy/en/,,,,English,Creative Commons Attribution-ShareAlike 4.0 International,,,,Carpathian OER Commons,Michel Garand,2026-10-03,Downloadable docs,Michel Garand,0.1
"Energie: PV, Speicher, Generator",https://ubeccommon.github.io/resources/carpathian/module-utilities-energy/de/,,,,German,Creative Commons Attribution-ShareAlike 4.0 International,,,,Carpathian OER Commons,Michel Garand,2026-10-03,Downloadable docs,Michel Garand,0.1
"Енергія: сонячні панелі, накопичення, генератор",https://ubeccommon.github.io/resources/carpathian/module-utilities-energy/uk/,,,,Ukrainian,Creative Commons Attribution-ShareAlike 4.0 International,,,,Carpathian OER Commons,Michel Garand,2026-10-03,Downloadable docs,Michel Garand,0.1
"Greywater, Reed Bed, Pond",https://ubeccommon.github.io/resources/carpathian/module-utilities-greywater/en/,,,,English,Creative Commons Attribution-ShareAlike 4.0 International,,,,Carpathian OER Commons,Michel Garand,2026-09-29,Downloadable docs,Michel Garand,0.1
"Grauwasser, Pflanzenkläranlage, Teich",https://ubeccommon.github.io/resources/carpathian/module-utilities-greywater/de/,,,,German,Creative Commons Attribution-ShareAlike 4.0 International,,,,Carpathian OER Commons,Michel Garand,2026-09-29,Downloadable docs,Michel Garand,0.1
"Сіра вода, очеретяний фільтр, ставок",https://ubeccommon.github.io/resources/carpathian/module-utilities-greywater/uk/,,,,Ukrainian,Creative Commons Attribution-ShareAlike 4.0 International,,,,Carpathian OER Commons,Michel Garand,2026-09-29,Downloadable docs,Michel Garand,0.1
"Micro-Hydro, If the Stream Allows",https://ubeccommon.github.io/resources/carpathian/module-utilities-micro-hydro/en/,,,,English,Creative Commons Attribution-ShareAlike 4.0 International,,,,Carpathian OER Commons,Michel Garand,2026-10-03,Downloadable docs,Michel Garand,0.1
"Kleinstwasserkraft, wenn der Bach es zulässt",https://ubeccommon.github.io/resources/carpathian/module-utilities-micro-hydro/de/,,,,German,Creative Commons Attribution-ShareAlike 4.0 International,,,,Carpathian OER Commons,Michel Garand,2026-10-03,Downloadable docs,Michel Garand,0.1
"МікроГЕС, якщо дозволить потік",https://ubeccommon.github.io/resources/carpathian/module-utilities-micro-hydro/uk/,,,,Ukrainian,Creative Commons Attribution-ShareAlike 4.0 International,,,,Carpathian OER Commons,Michel Garand,2026-10-03,Downloadable docs,Michel Garand,0.1
Rainwater and Nursery Irrigation,https://ubeccommon.github.io/resources/carpathian/module-utilities-rainwater/en/,,,,English,Creative Commons Attribution-ShareAlike 4.0 International,,,,Carpathian OER Commons,Michel Garand,2026-10-02,Downloadable docs,Michel Garand,0.2
Regenwasser und Bewässerung der Baumschule,https://ubeccommon.github.io/resources/carpathian/module-utilities-rainwater/de/,,,,German,Creative Commons Attribution-ShareAlike 4.0 International,,,,Carpathian OER Commons,Michel Garand,2026-10-02,Downloadable docs,Michel Garand,0.2
Дощова вода й полив розсадника,https://ubeccommon.github.io/resources/carpathian/module-utilities-rainwater/uk/,,,,Ukrainian,Creative Commons Attribution-ShareAlike 4.0 International,,,,Carpathian OER Commons,Michel Garand,2026-10-02,Downloadable docs,Michel Garand,0.2
Sanitation: Terra Preta Toilets,https://ubeccommon.github.io/resources/carpathian/module-utilities-toilets/en/,,,,English,Creative Commons Attribution-ShareAlike 4.0 International,,,,Carpathian OER Commons,Michel Garand,2026-09-29,Downloadable docs,Michel Garand,0.1
Sanitärversorgung: Terra-Preta-Toiletten,https://ubeccommon.github.io/resources/carpathian/module-utilities-toilets/de/,,,,German,Creative Commons Attribution-ShareAlike 4.0 International,,,,Carpathian OER Commons,Michel Garand,2026-09-29,Downloadable docs,Michel Garand,0.1
Санітарія: туалети терра прета,https://ubeccommon.github.io/resources/carpathian/module-utilities-toilets/uk/,,,,Ukrainian,Creative Commons Attribution-ShareAlike 4.0 International,,,,Carpathian OER Commons,Michel Garand,2026-09-29,Downloadable docs,Michel Garand,0.1
"Water: Spring, Cistern, Treatment",https://ubeccommon.github.io/resources/carpathian/module-utilities-water/en/,,,,English,Creative Commons Attribution-ShareAlike 4.0 International,,,,Carpathian OER Commons,Michel Garand,2026-10-03,Downloadable docs,Michel Garand,0.4
"Wasser: Quelle, Zisterne, Aufbereitung",https://ubeccommon.github.io/resources/carpathian/module-utilities-water/de/,,,,German,Creative Commons Attribution-ShareAlike 4.0 International,,,,Carpathian OER Commons,Michel Garand,2026-10-03,Downloadable docs,Michel Garand,0.4
"Вода: джерело, цистерна, очищення",https://ubeccommon.github.io/resources/carpathian/module-utilities-water/uk/,,,,Ukrainian,Creative Commons Attribution-ShareAlike 4.0 International,,,,Carpathian OER Commons,Michel Garand,2026-10-03,Downloadable docs,Michel Garand,0.4
Wood Heat and Hot Water,https://ubeccommon.github.io/resources/carpathian/module-utilities-wood-heat/en/,,,,English,Creative Commons Attribution-ShareAlike 4.0 International,,,,Carpathian OER Commons,Michel Garand,2026-10-03,Downloadable docs,Michel Garand,0.1
Holzwärme und Warmwasser,https://ubeccommon.github.io/resources/carpathian/module-utilities-wood-heat/de/,,,,German,Creative Commons Attribution-ShareAlike 4.0 International,,,,Carpathian OER Commons,Michel Garand,2026-10-03,Downloadable docs,Michel Garand,0.1
Опалення дровами й гаряча вода,https://ubeccommon.github.io/resources/carpathian/module-utilities-wood-heat/uk/,,,,Ukrainian,Creative Commons Attribution-ShareAlike 4.0 International,,,,Carpathian OER Commons,Michel Garand,2026-10-03,Downloadable docs,Michel Garand,0.1
Carpathian OER Commons — Pathway to the Complete Guide,https://ubeccommon.github.io/resources/carpathian/pathway-carpathian-oer-commons/en/,,,,English,Creative Commons Attribution-ShareAlike 4.0 International,,,,Carpathian OER Commons,Michel Garand,2026-09-27,Downloadable docs,Michel Garand,0.4
Carpathian OER Commons — Pfad zum vollständigen Leitfaden,https://ubeccommon.github.io/resources/carpathian/pathway-carpathian-oer-commons/de/,,,,German,Creative Commons Attribution-ShareAlike 4.0 International,,,,Carpathian OER Commons,Michel Garand,2026-09-28,Downloadable docs,Michel Garand,0.4
Carpathian OER Commons — Шлях до повного посібника,https://ubeccommon.github.io/resources/carpathian/pathway-carpathian-oer-commons/uk/,,,,Ukrainian,Creative Commons Attribution-ShareAlike 4.0 International,,,,Carpathian OER Commons,Michel Garand,2026-09-28,Downloadable docs,Michel Garand,0.4
Forest School — From Disconnection to Regeneration,https://ubeccommon.github.io/resources/carpathian/proposal-forest-school-innovation/en/,,,,English,Creative Commons Attribution-ShareAlike 4.0 International,,,,Carpathian OER Commons,Michel Garand,2026-09-27,Downloadable docs,Michel Garand,0.28
Waldschule — Von der Trennung zur Regeneration,https://ubeccommon.github.io/resources/carpathian/proposal-forest-school-innovation/de/,,,,German,Creative Commons Attribution-ShareAlike 4.0 International,,,,Carpathian OER Commons,Michel Garand,2026-09-28,Downloadable docs,Michel Garand,0.28
Лісова школа — від роз’єднання до відновлення,https://ubeccommon.github.io/resources/carpathian/proposal-forest-school-innovation/uk/,,,,Ukrainian,Creative Commons Attribution-ShareAlike 4.0 International,,,,Carpathian OER Commons,Michel Garand,2026-09-28,Downloadable docs,Michel Garand,0.28
